City_ID,City,Country,Date,Lat,Lng,Max Temp,Humidity,Cloudiness,Wind Speed
0,Komsomolskiy,UZ,2022-04-10 03:32:20,40.4272,71.7189,70.52,49,95,0.0
1,Ancud,CL,2022-04-10 03:34:43,-41.8697,-73.8203,45.23,83,11,1.88
2,Mataura,NZ,2022-04-10 03:34:43,-46.1927,168.8643,61.38,56,11,5.1
3,New Norfolk,AU,2022-04-10 03:34:43,-42.7826,147.0587,78.3,38,99,5.01
4,Punta Arenas,CL,2022-04-10 03:34:44,-53.15,-70.9167,46.51,71,75,13.8
5,Lapua,FI,2022-04-10 03:34:44,62.9693,23.0088,30.88,96,100,6.58
6,Albany,US,2022-04-10 03:34:44,42.6001,-73.9662,40.46,79,26,7.0
7,Rikitea,PF,2022-04-10 03:34:45,-23.1203,-134.9692,79.29,71,8,18.99
8,Butia,BR,2022-04-10 03:34:45,-30.1197,-51.9622,64.09,97,5,4.92
9,Hermanus,ZA,2022-04-10 03:34:45,-34.4187,19.2345,60.8,90,0,12.75
10,Tuatapere,NZ,2022-04-10 03:34:46,-46.1333,167.6833,62.13,59,6,6.91
11,Hilo,US,2022-04-10 03:34:05,19.7297,-155.09,72.25,91,100,8.05
12,Adre,TD,2022-04-10 03:34:46,13.4667,22.2,77.23,13,77,8.7
13,Cape Town,ZA,2022-04-10 03:31:26,-33.9258,18.4232,62.11,75,0,4.61
14,Tasiilaq,GL,2022-04-10 03:34:47,65.6145,-37.6368,21.36,93,98,3.13
15,Atuona,PF,2022-04-10 03:34:47,-9.8,-139.0333,79.48,72,4,21.79
16,Sao Felix Do Xingu,BR,2022-04-10 03:34:47,-6.6447,-51.995,71.71,98,99,0.96
17,Bundaberg,AU,2022-04-10 03:34:47,-24.85,152.35,82.69,70,100,18.41
18,Mahebourg,MU,2022-04-10 03:34:48,-20.4081,57.7,78.26,83,75,8.05
19,Novopokrovka,UA,2022-04-10 03:34:48,49.8425,36.5477,48.54,77,100,11.27
20,San Patricio,US,2022-04-10 03:34:48,28.017,-97.5169,71.49,65,65,18.05
21,Maumere,ID,2022-04-10 03:34:49,-8.6199,122.2111,84.94,65,64,3.0
22,Barrow,US,2022-04-10 03:32:12,71.2906,-156.7887,-5.78,71,0,5.75
23,Lasa,IT,2022-04-10 03:34:49,46.6166,10.7002,29.7,92,45,5.99
24,Alofi,NU,2022-04-10 03:34:50,-19.0595,-169.9187,85.89,74,34,4.61
25,Luderitz,NA,2022-04-10 03:34:50,-26.6481,15.1594,63.81,65,0,5.75
26,Karaton,ID,2022-04-10 03:34:50,-6.3424,106.1045,90.61,47,15,4.41
27,Opochka,RU,2022-04-10 03:34:50,56.7105,28.6617,32.95,79,3,9.15
28,Provideniya,RU,2022-04-10 03:34:51,64.3833,-173.3,32.47,91,100,17.07
29,Daru,PG,2022-04-10 03:34:51,-9.0763,143.2092,80.62,83,100,8.79
30,Thompson,CA,2022-04-10 03:34:51,55.7435,-97.8558,32.16,100,100,6.91
31,Nikolskoye,RU,2022-04-10 03:34:52,59.7035,30.7861,34.72,90,31,6.87
32,Santo Antonio De Jesus,BR,2022-04-10 03:34:20,-12.9689,-39.2614,66.81,98,5,2.77
33,Butaritari,KI,2022-04-10 03:34:52,3.0707,172.7902,80.53,81,99,12.57
34,Muros,ES,2022-04-10 03:34:52,42.7762,-9.0603,55.69,91,100,9.44
35,Arraial Do Cabo,BR,2022-04-10 03:34:53,-22.9661,-42.0278,75.45,90,85,6.91
36,Lorengau,PG,2022-04-10 03:34:53,-2.0226,147.2712,83.32,78,88,10.71
37,Vila Velha,BR,2022-04-10 03:31:10,-20.3297,-40.2925,80.55,89,0,9.22
38,Batagay-Alyta,RU,2022-04-10 03:34:54,67.8006,130.4114,9.95,73,67,6.78
39,Busselton,AU,2022-04-10 03:34:54,-33.65,115.3333,64.33,73,74,13.24
40,Adrar,MR,2022-04-10 03:34:54,20.5022,-10.0711,72.52,9,0,8.52
41,Port Alfred,ZA,2022-04-10 03:34:54,-33.5906,26.891,61.18,96,100,8.01
42,Ushuaia,AR,2022-04-10 03:31:53,-54.8,-68.3,46.06,71,75,24.16
43,Kaitangata,NZ,2022-04-10 03:34:55,-46.2817,169.8464,62.56,54,13,6.8
44,Vila Franca Do Campo,PT,2022-04-10 03:34:50,37.7167,-25.4333,57.61,74,80,23.73
45,Flinders,AU,2022-04-10 03:34:55,-34.5833,150.8552,77.18,73,32,5.99
46,Alta Floresta,BR,2022-04-10 03:34:55,-9.8756,-56.0861,71.19,94,60,0.58
47,Jamestown,US,2022-04-10 03:34:56,42.097,-79.2353,35.19,49,100,11.5
48,Araouane,ML,2022-04-10 03:34:56,18.9048,-3.5265,75.88,8,5,11.54
49,Puerto Leguizamo,CO,2022-04-10 03:34:56,-0.1934,-74.7819,71.69,99,98,1.66
50,Raymond Terrace,AU,2022-04-10 03:31:57,-32.75,151.75,78.3,69,40,9.22
51,Dikson,RU,2022-04-10 03:34:57,73.5069,80.5464,10.24,91,97,6.26
52,Lebu,CL,2022-04-10 03:34:57,-37.6167,-73.65,49.44,83,29,4.59
53,Ejido,VE,2022-04-10 03:34:57,8.5514,-71.2375,70.54,86,100,3.42
54,Katra,IN,2022-04-10 03:34:58,32.9833,74.95,84.0,23,0,8.3
55,Chuy,UY,2022-04-10 03:30:58,-33.6971,-53.4616,64.38,92,24,8.16
56,Victoria,HK,2022-04-10 03:30:05,22.2855,114.1577,79.95,62,0,5.01
57,Necochea,AR,2022-04-10 03:30:05,-38.5473,-58.7368,59.18,94,88,10.09
58,Piacabucu,BR,2022-04-10 03:34:58,-10.4056,-36.4344,79.38,73,90,7.29
59,Broken Hill,AU,2022-04-10 03:34:58,-31.95,141.4333,83.91,26,0,8.05
60,Takestan,IR,2022-04-10 03:34:59,36.0696,49.6959,42.93,74,75,12.21
61,Evanston,US,2022-04-10 03:34:59,42.0411,-87.6901,39.47,77,20,3.44
62,Puerto Ayora,EC,2022-04-10 03:34:59,-0.7393,-90.3518,77.76,87,79,6.04
63,Margate,GB,2022-04-10 03:35:00,51.3813,1.3862,41.7,77,57,1.01
64,Vaini,TO,2022-04-10 03:35:00,-21.2,-175.2,82.56,78,75,9.22
65,Carauari,BR,2022-04-10 03:35:00,-4.8828,-66.8958,73.63,98,100,2.62
66,Yulara,AU,2022-04-10 03:35:01,-25.2406,130.9889,89.44,11,0,6.91
67,Neiafu,TO,2022-04-10 03:35:01,-18.65,-173.9833,84.88,79,20,4.61
68,Conde,BR,2022-04-10 03:35:01,-7.2597,-34.9075,76.46,94,75,6.91
69,Sinnamary,GF,2022-04-10 03:35:02,5.3833,-52.95,77.22,87,100,12.33
70,Tuy Hoa,VN,2022-04-10 03:32:54,13.0833,109.3,80.67,68,65,7.31
71,Cabo San Lucas,MX,2022-04-10 03:34:57,22.8909,-109.9124,71.62,78,5,13.0
72,Bluff,NZ,2022-04-10 03:35:02,-46.6,168.3333,57.9,74,10,23.44
73,Tuktoyaktuk,CA,2022-04-10 03:35:03,69.4541,-133.0374,3.2,85,75,19.57
74,Port Lincoln,AU,2022-04-10 03:30:38,-34.7333,135.8667,69.8,75,100,11.68
75,Kapaa,US,2022-04-10 03:35:03,22.0752,-159.319,80.58,85,20,16.11
76,Bhandara,IN,2022-04-10 03:35:03,21.1667,79.65,98.02,24,29,9.95
77,Guisa,CU,2022-04-10 03:35:04,20.255,-76.5386,71.53,94,94,3.31
78,Hobart,AU,2022-04-10 03:35:04,-42.8794,147.3294,78.66,42,0,16.11
79,Silver City,US,2022-04-10 03:35:04,32.7701,-108.2803,64.31,12,0,11.5
80,Namatanai,PG,2022-04-10 03:35:05,-3.6667,152.4333,85.62,64,55,6.76
81,Camrose,CA,2022-04-10 03:31:45,53.0168,-112.8353,35.13,67,69,21.23
82,Belmonte,BR,2022-04-10 03:35:05,-15.8631,-38.8828,76.59,81,20,5.06
83,Bjornevatn,NO,2022-04-10 03:35:05,69.6672,29.9847,35.22,80,20,13.8
84,Santa Fe,AR,2022-04-10 03:35:06,-31.6333,-60.7,72.01,84,24,3.0
85,Mfou,CM,2022-04-10 03:35:06,3.7159,11.6427,71.46,100,20,0.0
86,Georgetown,MY,2022-04-10 03:32:34,5.4112,100.3354,87.75,74,20,4.61
87,Ewa Beach,US,2022-04-10 03:35:07,21.3156,-158.0072,80.55,65,75,11.5
88,Caravelas,BR,2022-04-10 03:35:07,-17.7125,-39.2481,75.04,88,55,5.01
89,Altay,CN,2022-04-10 03:35:07,47.8667,88.1167,42.19,37,0,2.66
90,Zhigansk,RU,2022-04-10 03:33:48,66.7697,123.3711,14.86,78,13,15.88
91,Rocha,UY,2022-04-10 03:35:08,-34.4833,-54.3333,65.25,86,100,5.73
92,Marawi,PH,2022-04-10 03:34:53,7.9986,124.2928,79.25,66,100,4.12
93,Aljezur,PT,2022-04-10 03:35:08,37.3191,-8.8033,54.5,91,95,3.8
94,Ibra,OM,2022-04-10 03:35:08,22.6906,58.5334,87.12,23,69,2.68
95,Pahrump,US,2022-04-10 03:32:26,36.2083,-115.9839,78.94,8,0,1.99
96,East London,ZA,2022-04-10 03:35:09,-33.0153,27.9116,61.74,100,100,19.57
97,Talnakh,RU,2022-04-10 03:35:09,69.4865,88.3972,-3.8,90,98,3.38
98,Kahului,US,2022-04-10 03:33:11,20.8947,-156.47,77.02,80,75,20.71
99,Skibbereen,IE,2022-04-10 03:35:10,51.55,-9.2667,50.11,85,100,20.56
100,Kavieng,PG,2022-04-10 03:34:51,-2.5744,150.7967,84.85,68,100,8.81
101,Port Elizabeth,ZA,2022-04-10 03:35:10,-33.918,25.5701,66.09,93,75,13.8
102,Ustupo,PA,2022-04-10 03:35:10,9.1333,-77.9333,78.87,88,100,10.45
103,Bambous Virieux,MU,2022-04-10 03:35:11,-20.3428,57.7575,78.22,83,75,8.05
104,Nizhnyaya Omka,RU,2022-04-10 03:35:11,55.4338,74.9426,35.55,62,9,7.47
105,Labuhan,ID,2022-04-10 03:35:12,-6.8844,112.2051,85.35,67,50,4.05
106,Saint-Philippe,RE,2022-04-10 03:35:12,-21.3585,55.7679,78.39,84,56,13.15
107,Kruisfontein,ZA,2022-04-10 03:35:12,-34.0033,24.7314,63.88,94,64,7.49
108,Lagoa,PT,2022-04-10 03:35:13,39.05,-27.9833,54.97,68,82,35.95
109,Katsuura,JP,2022-04-10 03:35:13,35.1333,140.3,68.29,65,0,10.07
110,Luba,GQ,2022-04-10 03:35:13,3.4568,8.5547,75.09,81,100,4.05
111,Moscow,RU,2022-04-10 03:35:14,55.7522,37.6156,45.14,96,100,7.78
112,Samarkand,UZ,2022-04-10 03:35:14,39.6542,66.9597,65.62,59,97,9.22
113,Mayor Pablo Lagerenza,PY,2022-04-10 03:35:14,-19.9309,-60.7718,78.91,63,49,5.79
114,Pangpang,PH,2022-04-10 03:35:15,15.9394,120.3092,92.41,45,28,2.57
115,Bengkulu,ID,2022-04-10 03:35:15,-3.8004,102.2655,84.51,66,41,5.73
116,Sindou,BF,2022-04-10 03:35:15,10.6667,-5.1667,82.29,52,46,8.63
117,Ribeira Grande,PT,2022-04-10 03:35:16,38.5167,-28.7,56.25,68,81,34.05
118,Yambio,SS,2022-04-10 03:35:16,4.5721,28.3955,70.86,64,88,3.91
119,Avarua,CK,2022-04-10 03:35:16,-21.2078,-159.775,84.25,74,95,6.67
120,Shahreza,IR,2022-04-10 03:35:17,32.0339,51.8794,62.92,20,0,20.83
121,Kismayo,SO,2022-04-10 03:35:17,-0.3582,42.5454,82.22,76,38,9.69
122,Codrington,AU,2022-04-10 03:35:17,-38.2667,141.9667,82.63,29,100,14.2
123,Saskylakh,RU,2022-04-10 03:35:19,71.9167,114.0833,3.4,86,22,2.39
124,Oktyabrskiy,RU,2022-04-10 03:35:19,54.4815,53.471,39.2,97,100,4.32
125,Valenca Do Piaui,BR,2022-04-10 03:35:19,-6.4075,-41.7456,70.23,90,57,0.63
126,Kissidougou,GN,2022-04-10 03:35:20,9.1848,-10.0999,73.53,87,100,4.07
127,Kabompo,ZM,2022-04-10 03:35:20,-13.5927,24.2008,62.87,99,100,4.05
128,Yashkul,RU,2022-04-10 03:35:20,46.1711,45.3435,52.39,58,8,3.83
129,Sabang,ID,2022-04-10 03:35:21,5.8933,95.3214,82.9,69,65,1.5
130,Enid,US,2022-04-10 03:35:21,36.3956,-97.8784,72.3,24,0,18.41
131,Terrace Bay,CA,2022-04-10 03:35:21,48.7834,-87.1,25.21,92,12,5.08
132,Coquimbo,CL,2022-04-10 03:31:26,-29.9533,-71.3436,53.33,93,0,3.44
133,Yellowknife,CA,2022-04-10 03:35:21,62.456,-114.3525,21.72,78,20,17.27
134,Olafsvik,IS,2022-04-10 03:35:22,64.8945,-23.7142,37.18,98,100,23.47
135,Qaanaaq,GL,2022-04-10 03:35:22,77.484,-69.3632,-1.8,92,100,5.59
136,Rampura,IN,2022-04-10 03:35:22,30.25,75.2333,97.18,8,0,1.97
137,Agadez,NE,2022-04-10 03:35:23,19.75,10.25,79.18,8,0,10.25
138,Dingle,PH,2022-04-10 03:35:23,10.9995,122.6711,76.33,90,100,6.02
139,Puerto Baquerizo Moreno,EC,2022-04-10 03:32:41,-0.9,-89.6,77.97,87,77,8.08
140,Vostok,RU,2022-04-10 03:35:23,46.4856,135.8833,45.99,73,99,6.04
141,Tocopilla,CL,2022-04-10 03:30:26,-22.092,-70.1979,64.67,73,16,4.85
142,Tynda,RU,2022-04-10 03:35:24,55.1667,124.7167,30.76,61,100,9.17
143,Bodden Town,KY,2022-04-10 03:35:24,19.2833,-81.25,80.6,66,40,10.36
144,Damara,CF,2022-04-10 03:35:24,4.9608,18.7035,73.83,81,100,2.28
145,Salinas,US,2022-04-10 03:33:47,36.6777,-121.6555,59.61,60,0,9.22
146,Ponta Delgada,PT,2022-04-10 03:35:25,37.7333,-25.6667,57.92,72,40,26.46
147,Yunyang,CN,2022-04-10 03:35:25,33.4474,112.7142,83.61,42,0,10.85
148,Castro,BR,2022-04-10 03:35:26,-24.7911,-50.0119,62.15,92,99,2.71
149,Tomaszow Lubelski,PL,2022-04-10 03:35:26,50.4477,23.4162,32.68,84,97,5.99
150,Anloga,GH,2022-04-10 03:35:26,5.7947,0.8973,81.37,83,88,9.44
151,Bethel,US,2022-04-10 03:30:28,41.3712,-73.414,45.48,87,75,3.44
152,Auki,SB,2022-04-10 03:35:27,-8.7676,160.7034,84.31,68,84,3.04
153,Guerrero Negro,MX,2022-04-10 03:35:27,27.9769,-114.0611,63.9,81,11,8.79
154,Scottsbluff,US,2022-04-10 03:35:27,41.8666,-103.6672,50.23,52,75,19.57
155,Purwodadi,ID,2022-04-10 03:35:28,-7.0868,110.9158,86.36,66,81,5.5
156,Aquiraz,BR,2022-04-10 03:35:28,-3.9014,-38.3911,80.69,86,100,6.02
157,Airai,TL,2022-04-10 03:35:28,-8.9266,125.4092,76.87,37,77,3.8
158,Barra Dos Coqueiros,BR,2022-04-10 03:32:06,-10.9089,-37.0386,82.42,74,40,6.91
159,Katangli,RU,2022-04-10 03:35:29,51.7102,143.2326,29.79,81,52,7.14
160,Tukrah,LY,2022-04-10 03:35:29,32.5341,20.5791,58.87,50,0,5.93
161,Shawnee,US,2022-04-10 03:35:29,39.05,-95.7669,57.65,39,0,12.66
162,Norman Wells,CA,2022-04-10 03:35:21,65.282,-126.8329,14.04,57,75,12.66
163,Pochutla,MX,2022-04-10 03:35:30,15.7432,-96.4661,79.83,65,50,3.0
164,Salta,AR,2022-04-10 03:35:30,-24.7859,-65.4117,65.57,85,75,2.3
165,Constitucion,CL,2022-04-10 03:35:30,-35.3333,-72.4167,52.56,95,10,6.87
166,Bulolo,PG,2022-04-10 03:35:30,-7.2,146.65,78.35,89,96,3.67
167,Mount Gambier,AU,2022-04-10 03:32:15,-37.8333,140.7667,80.51,28,75,19.57
168,Payo,ID,2022-04-10 03:35:31,-3.7508,103.6372,89.71,53,88,2.06
169,Shelburne,CA,2022-04-10 03:35:31,44.0787,-80.2041,31.91,91,92,11.83
170,Aksu,CN,2022-04-10 03:35:32,41.1231,80.2644,72.16,19,76,2.42
171,Mar Del Plata,AR,2022-04-10 03:35:32,-38.0023,-57.5575,67.08,95,100,15.01
172,Sulphur,US,2022-04-10 03:33:13,30.2366,-93.3774,64.02,83,0,5.75
173,Hofn,IS,2022-04-10 03:35:32,64.2539,-15.2082,30.97,57,94,6.04
174,Severo-Kurilsk,RU,2022-04-10 03:35:33,50.6789,156.125,31.39,73,100,6.71
175,Klaksvik,FO,2022-04-10 03:35:33,62.2266,-6.589,32.92,62,99,20.09
176,Touros,BR,2022-04-10 03:35:33,-5.1989,-35.4608,78.03,89,100,10.8
177,Ponta Do Sol,PT,2022-04-10 03:35:34,32.6667,-17.1,62.71,75,39,9.44
178,Kodiak,US,2022-04-10 03:35:34,57.79,-152.4072,40.51,30,0,6.91
179,Esperance,AU,2022-04-10 03:35:34,-33.8667,121.9,71.44,53,92,12.19
180,Porto Walter,BR,2022-04-10 03:35:35,-8.2686,-72.7439,71.87,99,100,1.36
181,Atambua,ID,2022-04-10 03:35:35,-9.1061,124.8925,84.18,56,53,2.28
182,Bredasdorp,ZA,2022-04-10 03:35:35,-34.5322,20.0403,58.57,93,11,9.75
183,Yumen,CN,2022-04-10 03:30:58,40.2833,97.2,60.71,15,100,14.65
184,Ulaanbaatar,MN,2022-04-10 03:35:19,47.9077,106.8832,32.13,51,40,2.24
185,Canon City,US,2022-04-10 03:31:40,38.441,-105.2424,67.98,12,0,9.22
186,Portland,US,2022-04-10 03:33:47,45.5234,-122.6762,47.62,66,100,9.22
187,Los Alamos,US,2022-04-10 03:32:14,35.8881,-106.307,62.65,10,0,19.57
188,Bama,NG,2022-04-10 03:35:36,11.5221,13.6856,82.33,52,99,13.18
189,Saiki,JP,2022-04-10 03:35:36,32.95,131.9,70.29,57,96,10.51
190,San Quintin,MX,2022-04-10 03:35:37,30.4833,-115.95,62.4,86,91,4.45
191,Mangalia,RO,2022-04-10 03:35:37,43.8,28.5833,53.65,83,19,2.35
192,Fairbanks,US,2022-04-10 03:33:02,64.8378,-147.7164,19.36,41,0,6.91
193,Ballina,AU,2022-04-10 03:35:37,-28.8667,153.5667,77.18,76,100,11.5
194,Ouahigouya,BF,2022-04-10 03:35:38,13.5828,-2.4216,85.75,16,84,5.88
195,Tarsus,TR,2022-04-10 03:35:38,36.9188,34.8784,60.67,88,98,5.57
196,Andenes,NO,2022-04-10 03:31:51,69.3143,16.1194,33.78,93,100,5.75
197,Sakaiminato,JP,2022-04-10 03:33:32,35.55,133.2333,75.18,38,20,8.05
198,Panormos,GR,2022-04-10 03:35:38,35.4182,24.6909,53.46,60,7,4.81
199,Samarai,PG,2022-04-10 03:35:39,-10.6167,150.6667,85.91,72,57,16.33
200,Cidreira,BR,2022-04-10 03:35:39,-30.1811,-50.2056,69.64,90,45,9.26
201,Kandrian,PG,2022-04-10 03:35:39,-6.2167,149.55,85.53,70,25,5.46
202,Sarankhola,BD,2022-04-10 03:35:40,22.3082,89.7897,93.25,45,7,12.64
203,Ilebo,CD,2022-04-10 03:35:40,-4.3167,20.5833,71.42,99,100,0.27
204,Narsaq,GL,2022-04-10 03:35:40,60.9167,-46.05,30.42,57,76,8.08
205,Port Hardy,CA,2022-04-10 03:35:41,50.6996,-127.4199,39.2,81,75,4.61
206,Springfield,US,2022-04-10 03:31:38,37.2153,-93.2982,53.87,31,0,11.99
207,Galesong,ID,2022-04-10 03:35:41,-5.3166,119.3661,87.82,69,36,5.39
208,Annau,TM,2022-04-10 03:35:41,37.8876,58.516,65.7,52,100,23.02
209,Arman,RU,2022-04-10 03:35:41,59.7,150.1667,28.02,73,85,0.81
210,Kaka,TM,2022-04-10 03:35:42,37.3482,59.6143,72.21,33,100,17.11
211,Marsa Matruh,EG,2022-04-10 03:35:42,31.3525,27.2453,59.2,88,40,4.61
212,Asau,RO,2022-04-10 03:32:17,46.4333,26.4,38.32,97,100,5.48
213,La Ronge,CA,2022-04-10 03:30:49,55.1001,-105.2842,35.85,80,75,9.22
214,Carnarvon,AU,2022-04-10 03:35:43,-24.8667,113.6333,78.87,36,43,13.8
215,Fare,PF,2022-04-10 03:35:43,-16.7,-151.0167,82.18,71,9,13.73
216,Upernavik,GL,2022-04-10 03:35:43,72.7868,-56.1549,-8.75,97,29,3.65
217,Murray Bridge,AU,2022-04-10 03:35:43,-35.1167,139.2667,84.13,20,50,12.73
218,Pangnirtung,CA,2022-04-10 03:35:44,66.1451,-65.7125,14.0,79,100,5.75
219,Belyy Yar,RU,2022-04-10 03:35:44,53.6039,91.3903,36.86,93,40,4.47
220,Cozumel,MX,2022-04-10 03:31:29,20.5083,-86.9458,75.27,69,20,8.01
221,Roald,NO,2022-04-10 03:35:44,62.5833,6.1333,42.75,87,75,20.71
222,Bandarbeyla,SO,2022-04-10 03:35:45,9.4942,50.8122,79.9,78,69,1.43
223,Licheng,CN,2022-04-10 03:35:45,23.2955,113.8284,84.51,32,0,3.02
224,Discovery Bay,US,2022-04-10 03:35:45,37.9085,-121.6002,66.36,19,0,4.61
225,Porbandar,IN,2022-04-10 03:35:46,21.6422,69.6093,80.58,89,40,6.91
226,Chapais,CA,2022-04-10 03:32:46,49.7834,-74.8492,31.78,98,99,3.49
227,Makokou,GA,2022-04-10 03:35:46,0.5738,12.8642,69.22,96,100,0.96
228,Charleston,US,2022-04-10 03:35:47,32.7766,-79.9309,47.01,69,0,5.75
229,Ixtapa,MX,2022-04-10 03:35:47,20.7,-105.2,74.43,83,0,3.44
230,Kailua,US,2022-04-10 03:35:47,21.4022,-157.7394,80.58,78,75,11.5
231,San Andres,CO,2022-04-10 03:35:47,12.5847,-81.7006,80.62,78,40,13.8
232,Kysyl-Syr,RU,2022-04-10 03:35:48,63.8986,122.7617,26.82,82,100,7.43
233,Quesnel,CA,2022-04-10 03:35:48,52.9999,-122.5029,32.5,64,0,3.44
234,Bathsheba,BB,2022-04-10 03:35:48,13.2167,-59.5167,79.41,73,40,20.71
235,Jalu,LY,2022-04-10 03:35:49,29.0331,21.5482,67.84,25,75,5.73
236,Erenhot,CN,2022-04-10 03:35:49,43.6475,111.9767,57.87,17,64,7.16
237,Geraldton,AU,2022-04-10 03:35:49,-28.7667,114.6,72.01,49,40,11.5
238,Vangaindrano,MG,2022-04-10 03:35:50,-23.35,47.6,73.96,82,70,4.34
239,Husavik,IS,2022-04-10 03:35:50,66.0449,-17.3389,22.24,79,97,7.16
240,Sao Joao Da Barra,BR,2022-04-10 03:35:50,-21.6403,-41.0511,76.66,90,100,7.23
241,Brigham City,US,2022-04-10 03:31:03,41.5102,-112.0155,44.06,20,0,12.66
242,Gijon,ES,2022-04-10 03:35:51,43.5357,-5.6615,51.01,92,79,5.01
243,Kavaratti,IN,2022-04-10 03:35:51,10.5669,72.642,84.31,72,100,8.03
244,Vyshchetarasivka,UA,2022-04-10 03:35:51,47.5685,34.881,46.65,86,100,10.11
245,Khatanga,RU,2022-04-10 03:35:52,71.9667,102.5,12.7,90,98,1.41
246,Ambon,ID,2022-04-10 03:35:52,-3.6954,128.1814,87.94,70,40,4.61
247,Urucui,BR,2022-04-10 03:35:52,-7.2294,-44.5561,74.86,90,33,1.97
248,Lynn Haven,US,2022-04-10 03:31:28,30.2455,-85.6483,60.98,63,0,1.01
249,Itarema,BR,2022-04-10 03:35:53,-2.9248,-39.9167,75.6,90,89,6.67
250,Waingapu,ID,2022-04-10 03:35:53,-9.6567,120.2641,86.34,60,49,5.48
251,Encruzilhada,BR,2022-04-10 03:35:54,-15.5314,-40.9094,65.16,96,27,3.09
252,Tiksi,RU,2022-04-10 03:35:54,71.6872,128.8694,-4.65,91,76,7.56
253,Mae Hong Son,TH,2022-04-10 03:35:54,19.3003,97.9685,84.34,65,20,3.44
254,Killybegs,IE,2022-04-10 03:35:54,54.6333,-8.45,41.77,70,100,9.01
255,Faanui,PF,2022-04-10 03:35:55,-16.4833,-151.75,82.44,70,15,13.09
256,Bilma,NE,2022-04-10 03:35:55,18.6853,12.9164,83.1,7,0,6.93
257,Koygorodok,RU,2022-04-10 03:35:55,60.445,50.9968,38.07,97,100,9.1
258,Suluq,LY,2022-04-10 03:35:56,31.6682,20.2521,60.24,30,0,8.16
259,Cherskiy,RU,2022-04-10 03:35:56,68.75,161.3,0.97,87,100,6.93
260,Wembley,AU,2022-04-10 03:35:56,-31.9333,115.8,73.09,50,40,14.97
261,Meulaboh,ID,2022-04-10 03:33:34,4.1363,96.1285,84.36,70,58,2.62
262,Henties Bay,NA,2022-04-10 03:34:54,-22.116,14.2845,60.33,78,0,4.5
263,Selma,US,2022-04-10 03:35:57,36.5708,-119.6121,71.65,29,0,11.74
264,Iqaluit,CA,2022-04-10 03:31:46,63.7506,-68.5145,20.93,85,100,9.22
265,Yenagoa,NG,2022-04-10 03:35:57,4.9247,6.2642,75.6,92,99,3.31
266,Mawlaik,MM,2022-04-10 03:35:58,23.6333,94.4167,94.91,29,0,3.02
267,Hamilton,US,2022-04-10 03:34:01,39.1834,-84.5333,39.83,77,100,5.75
268,Sept-Iles,CA,2022-04-10 03:31:46,50.2001,-66.3821,32.43,95,100,4.61
269,Asyut,EG,2022-04-10 03:32:29,27.181,31.1837,60.98,44,2,7.16
270,Bayan,CN,2022-04-10 03:35:58,46.0833,127.4,70.45,35,100,21.41
271,Gizo,SB,2022-04-10 03:35:58,-8.103,156.8419,84.7,65,100,1.83
272,Shakawe,BW,2022-04-10 03:35:59,-18.3667,21.85,64.04,85,0,6.04
273,Nanortalik,GL,2022-04-10 03:35:59,60.1432,-45.2371,28.89,85,65,5.28
274,Ilulissat,GL,2022-04-10 03:35:59,69.2167,-51.1,8.62,72,80,0.0
275,Okha,RU,2022-04-10 03:36:00,53.5739,142.9478,28.09,75,62,12.21
276,Torbay,CA,2022-04-10 03:36:00,47.6666,-52.7314,33.58,96,100,12.66
277,Westport,US,2022-04-10 03:36:00,41.1415,-73.3579,49.01,87,40,5.75
278,Parainen,FI,2022-04-10 03:36:01,60.3067,22.301,35.11,95,99,12.15
279,Svetlogorsk,BY,2022-04-10 03:36:01,52.6333,29.7333,36.19,91,100,5.06
280,Saquarema,BR,2022-04-10 03:36:01,-22.92,-42.5103,74.19,95,97,2.46
281,Aripuana,BR,2022-04-10 03:36:02,-9.1667,-60.6333,72.88,98,100,0.83
282,Verkhnyaya Toyma,RU,2022-04-10 03:36:02,62.2349,44.9985,38.14,99,98,9.13
283,Aksarka,RU,2022-04-10 03:36:02,66.5606,67.7975,26.6,96,100,8.88
284,Sitka,US,2022-04-10 03:36:03,57.0531,-135.33,42.69,65,75,12.66
285,Saint-Paul,RE,2022-04-10 03:36:03,-21.0096,55.2707,78.91,77,10,1.12
286,Mugur-Aksy,RU,2022-04-10 03:36:03,50.35,90.5,20.01,50,21,6.62
287,Naze,JP,2022-04-10 03:36:04,28.3667,129.4833,68.92,88,94,10.92
288,Mantua,IT,2022-04-10 03:36:04,45.1667,10.7833,41.95,88,22,3.0
289,Arroyo,ES,2022-04-10 03:36:04,41.6096,-4.7969,44.64,79,75,3.44
290,Ravar,IR,2022-04-10 03:36:04,31.2656,56.8055,77.97,12,100,5.53
291,Kaoma,ZM,2022-04-10 03:36:05,-14.7833,24.8,62.94,98,100,8.05
292,Kasongo-Lunda,CD,2022-04-10 03:36:05,-6.4667,16.8167,70.11,97,99,1.95
293,Wonthaggi,AU,2022-04-10 03:36:06,-38.6044,145.5913,75.81,56,87,11.41
294,Muroto,JP,2022-04-10 03:36:06,33.2833,134.15,65.52,63,36,5.28
295,Plettenberg Bay,ZA,2022-04-10 03:36:06,-34.0527,23.3716,59.36,83,5,6.4
296,West Richland,US,2022-04-10 03:33:36,46.3043,-119.3614,46.74,47,0,16.11
297,Aswan,EG,2022-04-10 03:36:06,24.0934,32.907,78.1,19,0,9.22
298,Jefferson City,US,2022-04-10 03:33:47,38.5767,-92.1735,51.1,48,0,9.22
299,Leningradskiy,RU,2022-04-10 03:36:07,69.3833,178.4167,-3.42,85,100,6.6
300,Preobrazhenka,UA,2022-04-10 03:36:07,47.5719,35.8167,47.5,87,100,14.16
301,Fortuna,US,2022-04-10 03:36:08,40.5982,-124.1573,48.65,79,20,14.97
302,Zyryanka,RU,2022-04-10 03:36:08,65.75,150.85,5.07,84,100,8.08
303,Atlantic City,US,2022-04-10 03:32:46,39.3643,-74.4229,50.04,63,100,8.05
304,Kamenka,RU,2022-04-10 03:36:08,51.3223,42.7678,46.74,88,39,8.43
305,Kamaishi,JP,2022-04-10 03:36:08,39.2667,141.8833,59.11,59,3,4.23
306,Sao Filipe,CV,2022-04-10 03:36:09,14.8961,-24.4956,73.29,73,6,10.51
307,Almaznyy,RU,2022-04-10 03:36:09,48.0448,40.045,48.76,83,92,7.29
308,Khatima,IN,2022-04-10 03:36:09,28.9167,79.9667,92.37,19,0,12.33
309,Chabahar,IR,2022-04-10 03:36:10,25.2919,60.643,84.43,48,1,9.42
310,Saint-Denis,FR,2022-04-10 03:36:10,48.9167,2.3333,37.15,87,0,2.3
311,Shafter,US,2022-04-10 03:36:11,35.5005,-119.2718,72.07,48,0,10.07
312,Qinhuangdao,CN,2022-04-10 03:36:11,39.9317,119.5883,69.03,54,38,15.21
313,Porto Velho,BR,2022-04-10 03:36:11,-8.7619,-63.9039,78.85,94,75,6.91
314,Port Macquarie,AU,2022-04-10 03:31:29,-31.4333,152.9167,76.89,67,2,7.7
315,Kiama,AU,2022-04-10 03:36:12,-34.6833,150.8667,77.38,74,25,7.0
316,Ocos,GT,2022-04-10 03:36:12,14.5094,-92.1933,73.58,72,97,5.53
317,Sarakhs,IR,2022-04-10 03:36:12,36.5449,61.1577,64.54,48,100,4.61
318,Lipin Bor,RU,2022-04-10 03:36:13,60.2622,37.9763,36.25,97,100,9.91
319,Issia,CI,2022-04-10 03:36:13,6.4922,-6.5856,74.17,96,100,5.3
320,Hasaki,JP,2022-04-10 03:36:13,35.7333,140.8333,82.29,64,0,7.81
321,Hithadhoo,MV,2022-04-10 03:36:13,-0.6,73.0833,83.03,73,44,8.75
322,Porto Murtinho,BR,2022-04-10 03:36:14,-21.6989,-57.8825,78.39,59,20,3.42
323,Amuntai,ID,2022-04-10 03:36:14,-2.4177,115.2494,83.98,71,100,2.04
324,Nyurba,RU,2022-04-10 03:36:14,63.2842,118.3319,28.33,85,100,3.89
325,Magna,US,2022-04-10 03:36:15,40.7091,-112.1016,46.85,28,20,14.97
326,Manadhoo,MV,2022-04-10 03:36:15,5.7667,73.3833,84.6,71,93,10.76
327,Obo,CF,2022-04-10 03:36:15,5.3998,26.4869,71.2,68,90,3.15
328,Egvekinot,RU,2022-04-10 03:36:16,66.3167,-179.1667,18.03,93,100,3.06
329,Khalkhal,IR,2022-04-10 03:36:16,37.6189,48.5258,42.57,80,86,1.5
330,Chaltyr,RU,2022-04-10 03:36:16,47.2848,39.4823,47.37,79,96,5.93
331,Omboue,GA,2022-04-10 03:36:17,-1.5746,9.2618,74.12,94,100,2.68
332,Aklavik,CA,2022-04-10 03:36:17,68.2191,-135.0107,3.54,95,100,4.05
333,Katherine,AU,2022-04-10 03:36:17,-14.4667,132.2667,97.12,16,94,6.91
334,Umm Lajj,SA,2022-04-10 03:36:18,25.0213,37.2685,75.25,67,5,5.32
335,Seoul,KR,2022-04-10 03:36:18,37.5683,126.9778,76.39,27,0,8.05
336,Jasper,US,2022-04-10 03:33:47,37.2001,-94.3502,60.85,32,0,10.36
337,Thunder Bay,CA,2022-04-10 03:34:22,48.4001,-89.3168,30.29,83,0,2.3
338,Caucaia,BR,2022-04-10 03:31:56,-3.7361,-38.6531,80.55,85,75,4.61
339,Vuktyl,RU,2022-04-10 03:36:19,63.8567,57.3094,36.25,99,100,10.13
340,Arlit,NE,2022-04-10 03:36:19,18.7369,7.3853,82.13,7,0,10.58
341,Caconda,AO,2022-04-10 03:36:20,-13.7333,15.0667,58.48,84,57,1.72
342,Gawler,AU,2022-04-10 03:36:20,-34.6,138.7333,88.11,28,56,11.92
343,Sao Paulo De Olivenca,BR,2022-04-10 03:36:20,-3.3783,-68.8725,74.26,98,100,1.95
344,Broome,US,2022-04-10 03:36:21,42.2506,-75.833,40.01,79,0,8.05
345,Tabuk,PH,2022-04-10 03:36:21,17.4189,121.4443,84.43,69,41,4.79
346,Kindu,CD,2022-04-10 03:36:21,-2.95,25.95,69.69,96,100,1.01
347,Tetecala,MX,2022-04-10 03:36:22,18.7167,-99.4,80.15,43,100,2.73
348,Wagar,SD,2022-04-10 03:36:22,16.1525,36.2032,80.82,46,0,7.72
349,Oussouye,SN,2022-04-10 03:36:22,12.485,-16.5469,73.58,64,5,7.99
350,Rio Gallegos,AR,2022-04-10 03:36:23,-51.6226,-69.2181,44.65,87,40,5.75
351,Nouadhibou,MR,2022-04-10 03:36:23,20.931,-17.0347,62.6,88,0,19.39
352,Maniitsoq,GL,2022-04-10 03:36:23,65.4167,-52.9,17.58,74,100,5.48
353,Hunchun,CN,2022-04-10 03:36:24,42.8675,130.3581,64.4,43,93,7.4
354,Cienfuegos,CU,2022-04-10 03:36:24,22.1461,-80.4356,68.14,68,5,5.75
355,Honiara,SB,2022-04-10 03:34:15,-9.4333,159.95,85.32,70,96,4.92
356,Hearst,CA,2022-04-10 03:35:02,49.6835,-83.6665,26.85,96,99,7.2
357,Saldanha,ZA,2022-04-10 03:36:24,-33.0117,17.9442,62.65,58,0,6.85
358,Mufulira,ZM,2022-04-10 03:36:25,-12.5498,28.2407,58.41,99,96,5.14
359,Moose Factory,CA,2022-04-10 03:36:25,51.2585,-80.6094,26.6,86,100,6.91
360,Coihaique,CL,2022-04-10 03:36:25,-45.5752,-72.0662,51.75,66,40,3.44
361,Gat,IL,2022-04-10 03:34:02,31.61,34.7642,63.39,63,6,2.3
362,Buchanan,LR,2022-04-10 03:36:26,5.8808,-10.0467,73.22,89,100,7.81
363,Kaeo,NZ,2022-04-10 03:36:26,-35.1,173.7833,72.32,67,74,9.82
364,Mbini,GQ,2022-04-10 03:36:26,1.574,9.6134,76.84,85,100,4.74
365,Salalah,OM,2022-04-10 03:36:27,17.0151,54.0924,78.89,73,0,2.3
366,Yarada,IN,2022-04-10 03:36:27,17.65,83.2667,88.12,66,20,9.22
367,Rudbar,AF,2022-04-10 03:36:27,30.15,62.6,88.86,8,77,8.63
368,Peleduy,RU,2022-04-10 03:36:28,59.6289,112.7406,33.62,71,13,8.43
369,Pevek,RU,2022-04-10 03:36:28,69.7008,170.3133,-7.58,85,22,3.18
370,Mollendo,PE,2022-04-10 03:36:28,-17.0231,-72.0147,66.94,83,90,4.07
371,Xinzhi,CN,2022-04-10 03:36:29,36.4989,111.7047,85.46,15,0,7.81
372,Chokurdakh,RU,2022-04-10 03:36:29,70.6333,147.9167,-1.98,92,97,4.59
373,Launceston,AU,2022-04-10 03:34:19,-41.45,147.1667,73.62,67,75,18.41
374,Nagua,DO,2022-04-10 03:36:29,19.3832,-69.8474,72.64,85,74,5.46
375,Kawalu,ID,2022-04-10 03:36:30,-7.3817,108.2082,85.84,58,81,4.36
376,Carbonia,IT,2022-04-10 03:36:30,39.1672,8.5222,54.25,64,0,15.68
377,Coahuayana,MX,2022-04-10 03:36:30,18.7333,-103.6833,72.1,85,35,1.59
378,Evensk,RU,2022-04-10 03:36:31,61.95,159.2333,23.49,65,96,4.41
379,Natal,BR,2022-04-10 03:33:23,-5.795,-35.2094,77.65,94,40,6.91
380,Isangel,VU,2022-04-10 03:36:31,-19.55,169.2667,87.91,74,20,4.61
381,Kirakira,SB,2022-04-10 03:36:31,-10.4544,161.9205,84.29,72,92,8.61
382,Bulgan,MN,2022-04-10 03:36:32,48.8125,103.5347,31.33,90,100,11.59
383,Kamareddi,IN,2022-04-10 03:36:32,18.3167,78.35,93.58,27,83,10.83
384,Kungurtug,RU,2022-04-10 03:36:32,50.5994,97.5228,27.77,55,100,11.95
385,Kashi,CN,2022-04-10 03:36:33,39.4547,75.9797,65.41,27,100,4.47
386,Half Moon Bay,US,2022-04-10 03:36:33,37.4636,-122.4286,61.18,69,0,20.71
387,Cayenne,GF,2022-04-10 03:36:33,4.9333,-52.3333,82.09,1,75,7.0
388,Francistown,BW,2022-04-10 03:36:33,-21.17,27.5079,61.79,83,82,15.77
389,Villarrobledo,ES,2022-04-10 03:36:34,39.2699,-2.6012,50.77,90,99,7.63
390,Karasburg,NA,2022-04-10 03:36:34,-28.0167,18.75,57.85,82,0,8.95
391,Beringovskiy,RU,2022-04-10 03:36:34,63.05,179.3167,33.71,82,87,24.79
392,Nakkila,FI,2022-04-10 03:36:35,61.3667,22.0,31.89,93,40,4.61
393,Benguela,AO,2022-04-10 03:36:35,-12.5763,13.4055,75.52,89,97,0.72
394,Hobyo,SO,2022-04-10 03:36:35,5.3505,48.5268,82.9,69,67,8.39
395,Tecoanapa,MX,2022-04-10 03:36:36,16.5167,-98.75,79.14,75,52,1.63
396,Korla,CN,2022-04-10 03:36:36,41.7597,86.1469,69.85,25,94,16.98
397,Zdvinsk,RU,2022-04-10 03:36:36,54.7021,78.661,34.25,72,8,6.06
398,Raga,SS,2022-04-10 03:36:36,8.4596,25.678,76.51,57,50,4.0
399,Zuwarah,LY,2022-04-10 03:36:37,32.9312,12.082,62.15,62,60,11.68
400,Mnogovershinnyy,RU,2022-04-10 03:36:37,53.9353,139.9242,26.51,71,18,2.1
401,Makakilo City,US,2022-04-10 03:36:37,21.3469,-158.0858,79.12,65,75,11.5
402,Hambantota,LK,2022-04-10 03:36:38,6.1241,81.1185,84.36,69,96,13.51
403,Biltine,TD,2022-04-10 03:36:38,14.5333,20.9167,82.08,10,75,10.31
404,Lerici,IT,2022-04-10 03:36:38,44.0759,9.9112,45.86,57,29,6.04
405,Bilibino,RU,2022-04-10 03:36:39,68.0546,166.4372,-1.77,78,98,2.13
406,Christchurch,NZ,2022-04-10 03:35:48,-43.5333,172.6333,66.42,62,24,17.27
407,Tomatlan,MX,2022-04-10 03:36:39,19.9333,-105.25,69.15,89,75,1.57
408,Laguna,US,2022-04-10 03:32:16,38.421,-121.4238,70.09,13,0,11.5
409,Mareeba,AU,2022-04-10 03:36:39,-17.0,145.4333,87.48,49,28,7.7
410,Chebsara,RU,2022-04-10 03:36:40,59.2002,38.8356,38.53,96,100,11.54
411,Contamana,PE,2022-04-10 03:36:40,-7.3333,-75.0167,72.59,99,100,0.63
412,Noumea,NC,2022-04-10 03:36:40,-22.2763,166.4572,85.98,99,94,11.65
413,Sungairaya,ID,2022-04-10 03:36:41,0.7,108.9,87.62,59,44,5.55
414,Charters Towers,AU,2022-04-10 03:36:41,-20.1,146.2667,92.08,37,10,11.45
415,Safford,US,2022-04-10 03:36:41,32.834,-109.7076,76.12,9,0,10.36
416,Melilla,ES,2022-04-10 03:36:41,35.2937,-2.9383,52.18,76,0,0.0
417,Arys,KZ,2022-04-10 03:32:23,42.4252,68.795,74.8,36,81,4.12
418,Ous,RU,2022-04-10 03:36:42,60.9058,61.5186,35.56,97,100,7.38
419,Vao,NC,2022-04-10 03:36:42,-22.6667,167.4833,77.68,82,43,23.38
420,Tessalit,ML,2022-04-10 03:36:42,20.1986,1.0114,73.45,8,39,10.13
421,Puerto Madero,MX,2022-04-10 03:36:43,14.7208,-92.4215,73.6,100,40,0.0
422,Itoman,JP,2022-04-10 03:36:43,26.1247,127.6694,77.4,86,75,11.5
423,Dakar,SN,2022-04-10 03:36:43,14.6937,-17.4441,70.68,88,0,13.8
424,Anadyr,RU,2022-04-10 03:36:44,64.75,177.4833,36.1,74,0,26.84
425,Pinheiro Machado,BR,2022-04-10 03:36:44,-31.5783,-53.3811,60.06,96,9,5.53
426,Stokmarknes,NO,2022-04-10 03:36:44,68.5646,14.9108,33.78,93,75,5.75
427,Forst,DE,2022-04-10 03:36:45,51.7333,14.6333,37.56,85,34,13.11
428,Saravan,AM,2022-04-10 03:36:45,39.7196,45.6483,40.59,75,7,3.18
429,Carutapera,BR,2022-04-10 03:36:45,-1.195,-46.02,74.52,98,100,3.69
430,Coxim,BR,2022-04-10 03:36:46,-18.5067,-54.76,76.17,75,11,2.91
431,Mporokoso,ZM,2022-04-10 03:36:46,-9.3727,30.125,59.16,97,99,7.16
432,Podgornoye,RU,2022-04-10 03:36:46,51.735,39.1496,48.42,66,0,6.71
433,Teahupoo,PF,2022-04-10 03:36:47,-17.8333,-149.2667,80.56,76,58,15.61
434,The Valley,AI,2022-04-10 03:36:47,18.217,-63.0578,78.66,76,93,16.2
435,Zhanaozen,KZ,2022-04-10 03:36:47,43.3,52.8,57.25,51,100,4.9
436,Havre-Saint-Pierre,CA,2022-04-10 03:36:48,50.2334,-63.5986,32.36,100,100,11.5
437,Campina Verde,BR,2022-04-10 03:36:48,-19.5356,-49.4864,71.87,86,97,0.58
438,Masterton,NZ,2022-04-10 03:36:48,-40.9597,175.6575,65.71,64,19,3.24
439,Deputatskiy,RU,2022-04-10 03:36:49,69.3,139.9,2.8,74,10,3.02
440,Batagay,RU,2022-04-10 03:36:49,67.6333,134.6333,11.86,80,96,4.92
441,Jinji,CN,2022-04-10 03:36:49,23.2281,110.8261,84.33,39,5,2.44
442,Poum,NC,2022-04-10 03:36:50,-20.2333,164.0167,79.97,79,18,19.04
443,Keningau,MY,2022-04-10 03:36:50,5.3378,116.1602,82.99,60,77,5.41
444,Krasnoselkup,RU,2022-04-10 03:36:50,65.7,82.4667,3.34,89,63,6.46
445,Pandan,PH,2022-04-10 03:35:17,14.0453,124.1694,81.03,86,100,14.14
446,Fort Nelson,CA,2022-04-10 03:36:51,58.8053,-122.7002,36.99,32,0,10.36
447,Minas De Barroteran,MX,2022-04-10 03:36:51,27.6333,-101.2833,72.91,41,47,14.29
448,Staryy Saltiv,UA,2022-04-10 03:36:51,50.0827,36.7939,48.7,78,99,12.5
449,Mangrol,IN,2022-04-10 03:36:52,21.1167,70.1167,85.57,53,0,7.47
450,Lukulu,ZM,2022-04-10 03:36:52,-14.3707,23.242,63.12,98,100,3.98
451,Angoche,MZ,2022-04-10 03:36:52,-16.2325,39.9086,73.89,87,19,7.2
452,San Cristobal,VE,2022-04-10 03:36:53,7.7669,-72.225,73.58,74,90,2.28
453,Arrecife,ES,2022-04-10 03:36:53,28.963,-13.5477,58.98,82,0,8.05
454,Charlestown,AU,2022-04-10 03:34:52,-32.95,151.6667,78.03,77,24,3.0
455,Xam Nua,LA,2022-04-10 03:36:53,20.4197,104.0439,85.96,34,0,2.48
456,Matara,LK,2022-04-10 03:36:54,5.9485,80.5353,85.6,66,77,11.61
457,Kusa,RU,2022-04-10 03:36:54,55.3383,59.4406,41.72,82,100,10.74
458,Bella Vista,US,2022-04-10 03:36:54,36.4295,-94.2316,60.57,36,0,10.36
459,Shaowu,CN,2022-04-10 03:36:55,27.3409,117.4831,79.5,43,72,2.84
460,Mehamn,NO,2022-04-10 03:36:55,71.0357,27.8492,30.27,86,80,10.78
461,Port Hedland,AU,2022-04-10 03:36:55,-20.3167,118.5667,100.45,20,5,5.75
462,Kieta,PG,2022-04-10 03:36:56,-6.2167,155.6333,84.83,66,84,5.35
463,Oro Valley,US,2022-04-10 03:36:56,32.3909,-110.9665,81.81,11,87,5.99
464,Cabedelo,BR,2022-04-10 03:35:21,-6.9811,-34.8339,77.67,84,64,10.83
465,Kenai,US,2022-04-10 03:35:18,60.5544,-151.2583,35.69,52,0,10.36
466,Dubrovnik,HR,2022-04-10 03:36:56,42.6481,18.0922,53.24,62,20,21.85
467,Hami,CN,2022-04-10 03:36:57,42.8,93.45,63.12,18,100,6.29
468,Doha,QA,2022-04-10 03:35:20,25.2867,51.5333,82.38,53,49,8.05
469,Tiznit,MA,2022-04-10 03:36:57,29.5833,-9.5,66.07,27,15,6.26
470,Berbera,SO,2022-04-10 03:36:58,10.4396,45.0143,80.74,78,0,6.49
471,Pisco,PE,2022-04-10 03:36:58,-13.7,-76.2167,66.25,82,0,9.22
472,Hualmay,PE,2022-04-10 03:36:58,-11.0964,-77.6139,68.41,86,99,6.49
473,Ilhabela,BR,2022-04-10 03:36:59,-23.7781,-45.3581,74.14,88,91,2.33
474,Mangan,IN,2022-04-10 03:36:59,27.5167,88.5333,68.31,94,97,2.98
475,Lima,PE,2022-04-10 03:33:17,-12.0432,-77.0282,62.85,88,100,3.44
476,Nelson Bay,AU,2022-04-10 03:36:59,-32.7167,152.15,77.09,69,26,6.11
477,Faya,SA,2022-04-10 03:37:00,18.3851,42.4509,59.11,32,0,3.13
478,Port Augusta,AU,2022-04-10 03:37:00,-32.5,137.7667,88.97,18,0,5.86
479,Buraydah,SA,2022-04-10 03:37:00,26.326,43.975,70.25,16,79,8.34
480,Padang,ID,2022-04-10 03:37:01,-0.9492,100.3543,87.85,60,56,6.17
481,Laurens,US,2022-04-10 03:37:01,32.4502,-82.9165,42.3,84,0,0.0
482,Ambikapur,IN,2022-04-10 03:33:11,23.1167,83.2,97.74,9,6,9.17
483,Huntington,US,2022-04-10 03:35:09,38.4193,-82.4452,40.1,60,100,5.75
484,San Francisco,US,2022-04-10 03:34:23,37.7749,-122.4194,64.76,65,40,20.71
485,Ahuimanu,US,2022-04-10 03:37:01,21.4447,-157.8378,80.31,76,75,11.5
486,Ferrandina,IT,2022-04-10 03:37:02,40.5012,16.4547,44.67,74,14,9.66
487,Neenah,US,2022-04-10 03:37:02,44.1858,-88.4626,39.47,62,40,0.0
488,Karlstad,SE,2022-04-10 03:37:02,59.3793,13.5036,34.36,64,40,8.05
489,Lompoc,US,2022-04-10 03:37:03,34.6391,-120.4579,56.93,73,0,27.0
490,Bougouni,ML,2022-04-10 03:37:03,11.417,-7.479,80.46,52,38,4.88
491,Shache,CN,2022-04-10 03:37:03,38.4167,77.2406,75.56,17,27,5.84
492,Saint Joseph,US,2022-04-10 03:37:04,39.7686,-94.8466,51.6,39,0,13.0
493,Namibe,AO,2022-04-10 03:37:04,-15.1961,12.1522,70.3,80,34,4.12
494,Wadi Musa,JO,2022-04-10 03:37:04,30.3222,35.4793,60.03,30,100,3.0
495,Craig,US,2022-04-10 03:37:05,40.5153,-107.5464,44.55,70,100,9.22
496,Bani Walid,LY,2022-04-10 03:37:05,31.7566,13.9942,59.11,44,34,3.0
497,Salvador,SV,2022-04-10 03:35:50,13.8333,-88.9167,79.2,64,84,5.21
498,Dicabisagan,PH,2022-04-10 03:37:05,17.0818,122.4157,80.94,81,55,4.65
499,Dolores,AR,2022-04-10 03:37:06,-36.3132,-57.6792,61.12,97,9,6.67
500,Formosa,AR,2022-04-10 03:37:06,-26.1775,-58.1781,73.38,94,0,4.61
501,Tigil,RU,2022-04-10 03:37:06,57.8,158.6667,28.27,72,95,1.9
502,Kangalassy,RU,2022-04-10 03:37:07,62.3464,129.9628,33.73,78,100,8.88
503,Acapulco,MX,2022-04-10 03:32:36,16.8634,-99.8901,78.62,83,0,0.0
504,Puerto Escondido,MX,2022-04-10 03:37:07,15.85,-97.0667,81.43,69,40,3.44
505,Araguaina,BR,2022-04-10 03:37:08,-7.1911,-48.2072,73.27,94,83,2.93
506,Sola,VU,2022-04-10 03:37:08,-13.8833,167.55,86.67,70,75,2.3
507,Fonte Boa,BR,2022-04-10 03:37:08,-2.4959,-66.2662,73.35,99,100,1.97
508,Laibin,CN,2022-04-10 03:37:09,23.7,109.2667,81.37,37,9,7.92
509,Sile,TR,2022-04-10 03:37:09,41.1754,29.6133,59.67,57,0,7.25
510,Carballo,ES,2022-04-10 03:37:09,43.213,-8.691,54.01,87,100,4.23
511,Zhanakorgan,KZ,2022-04-10 03:37:09,43.9098,67.2495,72.81,45,84,8.93
512,Mildura,AU,2022-04-10 03:37:10,-34.2,142.15,85.06,30,40,6.91
513,Helong,CN,2022-04-10 03:37:10,42.5397,128.9972,81.09,22,83,15.14
514,Brejo Da Madre De Deus,BR,2022-04-10 03:37:10,-8.1458,-36.3711,68.97,95,90,4.65
515,Novikovo,RU,2022-04-10 03:37:10,51.1537,37.8879,49.51,83,100,11.14
516,Quattro Castella,IT,2022-04-10 03:37:11,44.635,10.4743,38.34,83,17,4.9
517,Chitral,PK,2022-04-10 03:37:11,35.8462,71.7858,64.99,33,6,7.67
518,Chilca,PE,2022-04-10 03:37:11,-12.5211,-76.7372,67.77,89,97,6.58
519,Antofagasta,CL,2022-04-10 03:33:24,-23.65,-70.4,60.08,81,52,6.2
520,Oktyabrskoye,RU,2022-04-10 03:37:12,43.0645,44.7417,33.94,93,5,8.95
521,Gweru,ZW,2022-04-10 03:37:12,-19.45,29.8167,56.7,96,100,11.97
522,Mackay,AU,2022-04-10 03:37:12,-21.15,149.2,82.38,78,100,17.27
523,Tsumeb,NA,2022-04-10 03:37:13,-19.2333,17.7167,66.69,71,61,5.84
524,Anchorage,US,2022-04-10 03:34:50,61.2181,-149.9003,38.28,49,0,6.91
525,Mwense,ZM,2022-04-10 03:37:13,-10.3845,28.698,62.65,97,100,3.44
526,Cap Malheureux,MU,2022-04-10 03:37:13,-19.9842,57.6142,78.48,83,14,4.0
527,Fershampenuaz,RU,2022-04-10 03:37:14,53.5202,59.8117,42.04,75,100,13.6
528,Vikhorevka,RU,2022-04-10 03:37:14,56.1201,101.1636,33.39,83,100,13.27
529,Suntar,RU,2022-04-10 03:37:15,62.1444,117.6319,30.92,80,64,3.6
530,Talcahuano,CL,2022-04-10 03:37:15,-36.7167,-73.1167,49.68,100,20,2.3
531,Bubaque,GW,2022-04-10 03:37:15,11.2833,-15.8333,76.44,67,6,12.55
532,Saint George,US,2022-04-10 03:35:39,37.1041,-113.5841,79.39,6,0,12.66
533,Brewster,US,2022-04-10 03:37:16,41.3973,-73.6171,45.27,90,75,3.44
534,Chicama,PE,2022-04-10 03:37:16,-7.8447,-79.1469,64.94,79,100,5.28
535,Slupsk,PL,2022-04-10 03:37:16,54.4641,17.0287,37.96,84,85,19.62
536,Porosozero,RU,2022-04-10 03:37:17,62.7191,32.727,32.85,97,94,6.06
537,Usinsk,RU,2022-04-10 03:37:17,65.9939,57.5281,35.13,100,100,18.07
538,Mongo,TD,2022-04-10 03:37:18,12.1844,18.693,86.27,36,89,3.94
539,Kulhudhuffushi,MV,2022-04-10 03:37:18,6.6221,73.07,84.96,69,100,8.5
540,Los Algarrobos,PA,2022-04-10 03:37:18,8.5,-82.4333,77.41,89,40,2.3
541,Visnes,NO,2022-04-10 03:37:19,59.3556,5.2242,37.45,81,20,19.57
542,Mount Isa,AU,2022-04-10 03:37:19,-20.7333,139.5,96.57,24,31,11.5
543,Bereda,ES,2022-04-10 03:37:19,43.2686,-7.5406,46.58,100,97,1.34
544,Gavle,SE,2022-04-10 03:37:20,60.6745,17.1417,23.23,93,57,5.73
545,Tayu,ID,2022-04-10 03:37:20,-6.5397,111.0518,85.15,68,99,2.84
546,Zaozhuang,CN,2022-04-10 03:37:20,34.8647,117.5542,84.92,33,0,10.87
547,Brae,GB,2022-04-10 03:37:21,60.3964,-1.353,36.61,60,100,19.71
548,Los Llanos De Aridane,ES,2022-04-10 03:37:21,28.6585,-17.9182,56.95,72,75,5.75
549,Paamiut,GL,2022-04-10 03:37:21,61.994,-49.6678,24.15,70,99,7.45
550,Quatre Cocos,MU,2022-04-10 03:37:22,-20.2078,57.7625,78.1,79,36,15.73
551,Taoudenni,ML,2022-04-10 03:37:22,22.6783,-3.9836,71.78,11,0,11.07
552,Griffith,US,2022-04-10 03:37:22,41.5284,-87.4237,39.13,80,0,3.44
553,Storm Lake,US,2022-04-10 03:37:23,42.6411,-95.2097,46.15,39,0,12.66
554,Kembe,CF,2022-04-10 03:37:23,4.6228,21.8865,71.74,89,100,4.47
555,Mrakovo,RU,2022-04-10 03:37:23,52.7161,56.6244,44.24,84,100,11.34
556,Knokke-Heist,BE,2022-04-10 03:37:24,51.3333,3.3333,42.82,76,91,5.37
557,Athabasca,CA,2022-04-10 03:37:24,54.7169,-113.2854,32.41,77,100,21.3
558,Campos Gerais,BR,2022-04-10 03:37:24,-21.235,-45.7586,65.52,92,98,1.92
559,Pimenta Bueno,BR,2022-04-10 03:37:25,-11.6725,-61.1936,72.25,97,99,3.02
560,Petropavlovsk-Kamchatskiy,RU,2022-04-10 03:37:25,53.0452,158.6483,37.99,38,0,8.95
561,Murgab,TM,2022-04-10 03:37:25,37.4966,61.9714,79.99,21,100,8.77
562,Novovorontsovka,UA,2022-04-10 03:37:26,47.5004,33.9175,48.02,74,100,7.81
563,San Vicente,AR,2022-04-10 03:37:26,-26.6167,-54.1333,60.1,95,0,3.22
564,Dhule,IN,2022-04-10 03:32:40,20.9,74.7833,92.48,17,80,10.4
565,Druzhba,UA,2022-04-10 03:37:26,52.0428,33.9453,42.3,91,100,12.21
566,Hagere Selam,ET,2022-04-10 03:37:27,6.4833,38.5167,49.24,93,92,4.09
567,Sorland,NO,2022-04-10 03:37:27,67.667,12.6934,38.5,97,100,17.54
568,Tamworth,GB,2022-04-10 03:37:27,52.634,-1.6959,35.04,85,77,1.01
569,Susurluk,TR,2022-04-10 03:37:28,39.9136,28.1578,58.78,70,0,8.19
570,North Bend,US,2022-04-10 03:37:28,43.4065,-124.2243,46.85,84,20,5.75
571,Xai-Xai,MZ,2022-04-10 03:37:28,-25.0519,33.6442,72.72,71,92,11.63
572,Pacific Grove,US,2022-04-10 03:36:03,36.6177,-121.9166,58.55,74,75,5.75
573,Sobolevo,RU,2022-04-10 03:37:28,54.4299,31.8996,35.29,94,100,5.08
574,Clyde River,CA,2022-04-10 03:37:29,70.4692,-68.5914,-0.17,85,100,0.0
575,Kargil,IN,2022-04-10 03:37:29,34.5667,76.1,33.8,64,6,0.67
576,Ibipeba,BR,2022-04-10 03:37:29,-11.6408,-42.0111,63.63,55,6,4.9
577,Watsa,CD,2022-04-10 03:37:30,3.0372,29.5355,67.75,67,100,3.18
578,Fontem,CM,2022-04-10 03:37:30,5.4685,9.8818,67.59,93,100,3.27
579,Lufilufi,WS,2022-04-10 03:37:30,-13.8745,-171.5986,91.18,73,23,9.93
580,Alyangula,AU,2022-04-10 03:37:31,-13.8483,136.4192,89.47,66,94,9.22
581,Aloleng,PH,2022-04-10 03:37:31,16.1307,119.7824,85.53,63,97,8.12
582,Rupert,US,2022-04-10 03:33:12,42.6191,-113.6772,37.35,30,0,21.85
583,Ranau,MY,2022-04-10 03:37:31,5.9538,116.6641,81.32,63,72,3.74
584,Toamasina,MG,2022-04-10 03:37:32,-18.1667,49.3833,73.4,88,40,8.05
585,Mae Sot,TH,2022-04-10 03:37:32,16.7167,98.5667,85.95,62,20,3.44
586,Souillac,MU,2022-04-10 03:37:32,-20.5167,57.5167,77.38,83,75,8.05
587,Agadir,MA,2022-04-10 03:37:33,30.4202,-9.5982,57.65,60,7,6.76
588,Malakal,SS,2022-04-10 03:37:33,9.5334,31.6605,86.4,41,68,7.85
589,Clyde,US,2022-04-10 03:37:33,41.3042,-82.9752,39.58,70,81,10.38
590,Katobu,ID,2022-04-10 03:37:34,-4.9408,122.5276,89.62,50,92,3.76
591,Balkhash,KZ,2022-04-10 03:37:34,46.844,74.9804,48.81,31,0,20.13
592,Atasu,KZ,2022-04-10 03:37:34,48.6814,71.6433,48.99,52,100,14.85
593,Melfi,IT,2022-04-10 03:37:35,40.9965,15.6514,46.49,81,37,4.38
594,Banyumas,ID,2022-04-10 03:37:35,-7.5142,109.2942,89.06,58,36,4.43
595,Tambo,PE,2022-04-10 03:37:35,-14.8,-73.9167,38.44,82,97,3.85
596,Kjollefjord,NO,2022-04-10 03:37:36,70.9457,27.3465,35.65,83,78,14.16
597,Roma,US,2022-04-10 03:37:36,43.2128,-75.4557,40.95,83,75,5.75
598,Antanifotsy,MG,2022-04-10 03:37:36,-19.65,47.3167,54.99,90,8,1.28
599,Polonnaruwa,LK,2022-04-10 03:37:37,7.9333,81.0,86.92,60,97,7.2
600,Dubrovka,RU,2022-04-10 03:37:37,53.6907,33.5071,37.53,94,100,9.1
601,Biharamulo,TZ,2022-04-10 03:37:37,-2.6319,31.3089,60.4,89,99,3.36
602,Purna,IN,2022-04-10 03:37:37,19.1833,77.05,85.89,19,70,12.06
603,Myitkyina,MM,2022-04-10 03:37:38,25.3833,97.4,91.31,30,6,1.45
